SELECT 'test';

INSERT INTO USER(NAME, PASSWORD, LOGIN, ROLE)
VALUES ('string', '$2a$04$eax4hv/iPeNneBtky.G8reAWCI2r6r07z6yEn6BTV2r.9OufLrxRS', 'string', 'ROLE_MANAGER');
INSERT INTO USER(NAME, PASSWORD, LOGIN, ROLE)
VALUES ('Vlad Kozyr', '$2a$04$eax4hv/iPeNneBtky.G8reAWCI2r6r07z6yEn6BTV2r.9OufLrxRS', 'vlad', 'ROLE_LECTOR');

INSERT INTO USER(NAME, PASSWORD, LOGIN, ROLE)
VALUES ('Stas Boguta', '$2a$04$eax4hv/iPeNneBtky.G8reAWCI2r6r07z6yEn6BTV2r.9OufLrxRS', 'stas', 'ROLE_LECTOR');

INSERT INTO LECTOR(CATHEDRA, ID)
VALUES ('Math', 1);

INSERT INTO LECTOR(CATHEDRA, ID)
VALUES ('Informatics', 2);

INSERT INTO COURSE (YEAR, FACULTY)
VALUES (2017, 'FI');
INSERT INTO COURSE (YEAR, FACULTY)
VALUES (2018, 'FEN');
INSERT INTO COURSE (YEAR, FACULTY)
VALUES (2019, 'FGN');
INSERT INTO COURSE (YEAR, FACULTY)
VALUES (2020, 'FPRN');
INSERT INTO COURSE (YEAR, FACULTY)
VALUES (2021, 'FSNST');

INSERT INTO SLOT (DAY, ROOM, TIME, COURSE_ID, LECTOR_ID)
VALUES ('MONDAY', '228-room', 'FIRST', 1, 2);
INSERT INTO SLOT (DAY, ROOM, TIME, COURSE_ID, LECTOR_ID)
VALUES ('MONDAY', '228-room', 'SECOND', 2, 2);
INSERT INTO SLOT (DAY, ROOM, TIME, COURSE_ID, LECTOR_ID)
VALUES ('MONDAY', '228-room', 'THIRD', 3, 1);
INSERT INTO SLOT (DAY, ROOM, TIME, COURSE_ID, LECTOR_ID)
VALUES ('MONDAY', '228-room', 'FOURTH', 4, 1);
INSERT INTO SLOT (DAY, ROOM, TIME, COURSE_ID, LECTOR_ID)
VALUES ('MONDAY', '228-room', 'FIFTH', 5, 1);

INSERT INTO SLOT (DAY, ROOM, TIME, COURSE_ID, LECTOR_ID)
VALUES ('TUESDAY', '228-room', 'FIRST', 1, 1);
INSERT INTO SLOT (DAY, ROOM, TIME, COURSE_ID, LECTOR_ID)
VALUES ('TUESDAY', '228-room', 'SECOND', 2, 1);
INSERT INTO SLOT (DAY, ROOM, TIME, COURSE_ID, LECTOR_ID)
VALUES ('TUESDAY', '228-room', 'THIRD', 3, 1);
INSERT INTO SLOT (DAY, ROOM, TIME, COURSE_ID, LECTOR_ID)
VALUES ('TUESDAY', '228-room', 'FOURTH', 4, 1);
INSERT INTO SLOT (DAY, ROOM, TIME, COURSE_ID, LECTOR_ID)
VALUES ('TUESDAY', '228-room', 'FIFTH', 5, 1);

INSERT INTO SLOT (DAY, ROOM, TIME, COURSE_ID, LECTOR_ID)
VALUES ('WEDNESDAY', '228-room', 'FIRST', 1, 1);
INSERT INTO SLOT (DAY, ROOM, TIME, COURSE_ID, LECTOR_ID)
VALUES ('WEDNESDAY', '228-room', 'SECOND', 2, 1);
INSERT INTO SLOT (DAY, ROOM, TIME, COURSE_ID, LECTOR_ID)
VALUES ('WEDNESDAY', '228-room', 'THIRD', 3, 1);
INSERT INTO SLOT (DAY, ROOM, TIME, COURSE_ID, LECTOR_ID)
VALUES ('WEDNESDAY', '228-room', 'FOURTH', 4, 1);
INSERT INTO SLOT (DAY, ROOM, TIME, COURSE_ID, LECTOR_ID)
VALUES ('WEDNESDAY', '228-room', 'FIFTH', 5, 1);

INSERT INTO SLOT (DAY, ROOM, TIME, COURSE_ID, LECTOR_ID)
VALUES ('THURSDAY', '228-room', 'FIRST', 1, 1);
INSERT INTO SLOT (DAY, ROOM, TIME, COURSE_ID, LECTOR_ID)
VALUES ('THURSDAY', '228-room', 'SECOND', 2, 1);
INSERT INTO SLOT (DAY, ROOM, TIME, COURSE_ID, LECTOR_ID)
VALUES ('THURSDAY', '228-room', 'THIRD', 3, 1);
INSERT INTO SLOT (DAY, ROOM, TIME, COURSE_ID, LECTOR_ID)
VALUES ('THURSDAY', '228-room', 'FOURTH', 4, 1);
INSERT INTO SLOT (DAY, ROOM, TIME, COURSE_ID, LECTOR_ID)
VALUES ('THURSDAY', '228-room', 'FIFTH', 5, 1);

INSERT INTO SLOT (DAY, ROOM, TIME, COURSE_ID, LECTOR_ID)
VALUES ('FRIDAY', '228-room', 'FIRST', 1, 1);
INSERT INTO SLOT (DAY, ROOM, TIME, COURSE_ID, LECTOR_ID)
VALUES ('FRIDAY', '228-room', 'SECOND', 2, 1);
INSERT INTO SLOT (DAY, ROOM, TIME, COURSE_ID, LECTOR_ID)
VALUES ('FRIDAY', '228-room', 'THIRD', 3, 1);
INSERT INTO SLOT (DAY, ROOM, TIME, COURSE_ID, LECTOR_ID)
VALUES ('FRIDAY', '228-room', 'FOURTH', 4, 1);
INSERT INTO SLOT (DAY, ROOM, TIME, COURSE_ID, LECTOR_ID)
VALUES ('FRIDAY', '228-room', 'FIFTH', 5, 1);
